Region,Sub-Region,Country,Country Code,X Value (Minimum X Value),Y Value (Maximum Y Value),Currency, X-USD , Y -USD ,USD Conversion,Notes
Americas,NA,Canada,CA,$25,$100,CAD,24,98,1.02,"IF YOU WANT TO DISCUSS YOUR VALUES, speak to your regional Marketing Lead + Incentives Lead"
Americas,NA,United States,US,$25,$100,USD,25,100,1,
Americas,Brazil,Brazil,BR,R$ 50,R$ 150,BRL,28,83,1.82,
,,,,,,,,,,
Americas,SpLatAm,Chile,CL,$15,$50,USD (no local currency),15,50,1,Incentives: Anne-Marie
Americas,SpLatAm,Colombia,CO,$15,$50,USD (no local currency),15,50,1,EMEA: Elad
,,,,,,,,,,
Americas,SpLatAm,Peru,PE,$15,$50,USD (no local currency),15,50,1,Americas: Yuki/Brett
APAC,AUNZ,Australia,AU,$25,$100,AUD,25,99,1.01,
APAC,AUNZ,New Zealand,NZ,$25,$100,NZD,29,115,0.87,
APAC,Greater China,Hong Kong,HK,$100,$400,HKD,13,51,7.8,
APAC,Greater China,Taiwan,TW,500,1500,TWD,16,49,30.4,
APAC,India,India,IN,500,2000,INR,10,41,48.75,
APAC,Japan,Japan,JP,¥2500,¥7500,JPY,33,98,76.42,
APAC,Korea,Korea,KR,₩15000,₩50000,KRW,14,47,1072.5,
APAC,SEA,Indonesia,ID,150000,450000,IDR,16,47,9482.5,
APAC,SEA,Malaysia,MY,50,150,MYR,16,47,3.17,
APAC,SEA,Pakistan,PK,$15,$45,USD (no local currency),15,45,1,
APAC,SEA,Philippines,PH,500,2000,PHP,12,48,41.615,
APAC,SEA,Singapore,SG,$25,$75,SGD,20,60,1.25,
APAC,SEA,Sri Lanka,LK,$15,$45,USD (no local currency),15,45,1,
APAC,SEA,Thailand,TH,500,1500,THB,16,48,31.04,
APAC,SEA,Vietnam,VN,₫ 300000,₫ 900000,VND,14,43,20900,
NACE,BeNeLux,Belgium,BE,€ 25,€ 75,EUR,34,101,0.74,
NACE,BeNeLux,Netherlands,NL,€ 25,€ 75,EUR,34,101,0.74,
NACE,DACH,Austria,AT,€ 25,€ 75,EUR,34,101,0.74,
NACE,DACH,Germany,DE,€ 25,€ 75,EUR,34,101,0.74,
NACE,DACH,Switzerland,CH,25,100,CHF,28,111,0.90,
NACE,DACH,Luxembourg,LU,€ 25,€ 75,EUR,,,,
NACE,Nordics,Denmark,DK,kr 200,kr 600,DKK,37,110,5.47,
NACE,Nordics,Finland,FI,€ 25,€ 75,EUR,34,101,0.74,
NACE,Nordics,Iceland,IS,€ 25,€ 75,EUR (no local currency),34,101,0.74,
NACE,Nordics,Norway,NO,kr 250,kr 750,NOK,43,130,5.76,
NACE,Nordics,Sweden,SE,kr 250,kr 750,SEK,37,111,6.78,
NACE,UK/IE,Ireland,IE,€ 25,€ 75,EUR,34,101,0.74,
NACE,UK/IE,United Kingdom,UK,£25,£75,GBP,39,117,0.64,
SEEMEA,CEE,Bosnia and Herzegovina,BA,€ 10,€ 30,EUR,14,41,0.74,
SEEMEA,CEE,Bulgaria,BG,30,90,BGN,21,63,1.44,
SEEMEA,CEE,Croatia,HR,Kn 100,Kn 400,HRK,18,73,5.51,
SEEMEA,CEE,Czech Republic,CZ,Kč 250,Kč 1000,CZK,14,55,18.04,
SEEMEA,CEE,Estonia,EE,€ 10,€ 40,EUR,14,54,0.74,
SEEMEA,CEE,Hungary,HU,Ft 5000,Ft 15000,HUF,23,69,218.00,
SEEMEA,CEE,Latvia,LV,€ 10,€ 40,EUR,14,54,0.74,
SEEMEA,CEE,Lithuania,LT,€ 15,€ 45,EUR,6,18,2.54,
SEEMEA,CEE,Poland,PL,zł 100,zł 250,PLN,31,77,3.25,
SEEMEA,CEE,Romania,RO,lei 50,lei 200,RON,16,63,3.18,
SEEMEA,CEE,Serbia and Montenegro,RS,€ 10,€ 40,EUR,14,54,0.74,
SEEMEA,CEE,Slovakia,SK,€ 25,€ 75,EUR,34,101,0.74,
SEEMEA,CEE,Slovenia,SI,€ 20,€ 60,EUR,27,81,0.74,
SEEMEA,CEE,Ukraine,UA,200,600,UAH,25,75,8.00,
SEEMEA,East Med,Cyprus,CY,€ 25,€ 75,EUR,34,101,0.74,
SEEMEA,East Med,Greece,GR,€ 25,€ 75,EUR,34,101,0.74,
SEEMEA,East Med,Israel,IL,₪ 100,₪ 300,ILS,27,80,3.76,
SEEMEA,East Med,Malta,MT,€ 25,€ 75,EUR,34,101,0.74,
SEEMEA,Russia,Russia,RU,500,2000,RUB,16,63,31.74,
SEEMEA,SEEMEA Other,Macedonia,MK,$10,$30,USD (no local currency),10,30,1,
SEEMEA,South Africa,South Africa,ZA,200,600,ZAR,26,77,7.83,
SEEMEA,TR/MENA,Algeria,DZ,$10,$30,USD (no local currency),10,30,1,
SEEMEA,TR/MENA,Bahrain,BH,$25,$75,USD (no local currency),25,75,1,
SEEMEA,TR/MENA,Egypt,EG,£50,£150,EGP,8,25,5.97,
SEEMEA,TR/MENA,Jordan,JO,$25,$75,USD (no local currency),25,75,1,
SEEMEA,TR/MENA,Lebanon,LB,$25,$75,USD (no local currency),25,75,1,
SEEMEA,TR/MENA,Libya,LY,$10,$30,USD (no local currency),10,30,1,
SEEMEA,TR/MENA,Morocco,MA,$10,$30,USD (no local currency),10,30,1,
SEEMEA,TR/MENA,Oman,OM,$25,$75,USD (no local currency),25,75,1,
SEEMEA,TR/MENA,Palestine,PS,$25,$75,USD (no local currency),25,75,1,
SEEMEA,TR/MENA,Qatar,QA,$25,$75,USD (no local currency),25,75,1,
SEEMEA,TR/MENA,Saudi Arabia,SA,100,300,SAR,27,80,3.75,
SEEMEA,TR/MENA,Tunisia,TN,$10,$30,USD (no local currency),10,30,1,
SEEMEA,TR/MENA,Turkey,TR,TL 25,TL 100,TRY,14,54,1.85,
SEEMEA,TR/MENA,United Arab Emirates,AE,100,300,AED,27,82,3.67,
SEEMEA,West Med,France,FR,€ 25,€ 75,EUR,34,101,0.74,
SEEMEA,West Med,Italy,IT,€ 25,€ 75,EUR,34,101,0.74,
SEEMEA,West Med,Portugal,PT,€ 20,€ 60,EUR,27,81,0.74,
SEEMEA,West Med,Spain,ES,€ 25,€ 75,EUR,34,101,0.74,